"origin","adr_avg","cancel_rate","total_reserves","cancel_losses"
"Foreigner",108.644267596075,23.602352741566,70726,2073258.84
"Resident",92.1534207539773,56.7174958215546,48463,2563032.17
