"total_days","average_daily_cost","cancel_rate","total_loss"
62805,89.2830657228619,55.5754670489673,3116351.48983
